<?xml version="1.0" encoding="UTF-8"?>
<!DOCTYPE suite SYSTEM "https://testng.org/testng-1.0.dtd">
<suite name="Suite-Sequential" >
  <test thread-count="5" name="Test" verbose="5" >
    <classes>
      <class name="week5.day2.Assignments.MergeLead"/>
      <class name="week5.day2.Assignments.EditLead"/>
      <class name="week5.day2.Assignments.CreateLead"/>
      <class name="week5.day2.Assignments.DeleteLead"/>
    </classes>
  </test> <!-- Test -->
</suite> <!-- Suite-Sequential -->
