<?xml version="1.0" encoding="UTF-8"?>
<!DOCTYPE suite SYSTEM "https://testng.org/testng-1.0.dtd">
<suite name="Parameterization" parallel = "tests">
	<parameter name ="url" value = "http://leaftaps.com/opentaps/control/main"></parameter>
    <parameter name ="username" value = "Demosalesmanager"></parameter>
    <parameter name ="password" value = "crmsfa"></parameter>
 
  <test name="ChromeBrowserTesting">
  <parameter name = "browser" value = "chrome"></parameter>
    <classes> 
      <class name="week6.day1.CreateLead"/>
    </classes>
  </test> <!-- Test -->
  
  <test name="EdgeBrowserTesting">
  <parameter name = "browser" value = "edge"></parameter>
    <classes> 
      <class name="week6.day1.CreateLead"/>
    </classes>
  </test> <!-- Test -->
</suite> <!-- Parameterization -->
