<?xml version="1.0" encoding="UTF-8"?>
<!DOCTYPE suite SYSTEM "https://testng.org/testng-1.0.dtd">
<suite name="Suite-StaticParameterization" parallel = "tests" verbose = "5">
<parameter name = "url" value = "http://leaftaps.com/opentaps/control/main" ></parameter>
<parameter name = "username" value = "Demosalesmanager" ></parameter>
<parameter name = "password" value = "crmsfa" ></parameter>

  <test thread-count="2" name="ChromeBrowser Testing">
  <parameter name = "browser" value = "Chrome"></parameter>
    <classes>
      <class name="week6.day1.Assignments.MergeLead"/>
      <class name="week6.day1.Assignments.EditLead"/>
      <class name="week6.day1.Assignments.CreateLead"/>
      <class name="week6.day1.Assignments.DeleteLead"/>
    </classes>
  </test> <!-- Test -->
  
  <test thread-count="2" name="EdgeBrowser Testing">
  <parameter name = "browser" value = "Edge"></parameter>
    <classes>
      <class name="week6.day1.Assignments.MergeLead"/>
      <class name="week6.day1.Assignments.EditLead"/>
      <class name="week6.day1.Assignments.CreateLead"/>
      <class name="week6.day1.Assignments.DeleteLead"/>
    </classes>
     </test> <!-- Test -->
</suite> <!-- Suite-StaticParameterization -->
