<?xml version="1.0" encoding="UTF-8"?>
<!DOCTYPE suite SYSTEM "https://testng.org/testng-1.0.dtd">
<suite name="LeafTaps_Parallel" thread-count="2" parallel="tests" verbose="5">
  <test name="Manage Lead1">
    <classes>
      <class name="week5.day2.testng.CreateLead"/>
      <class name="week5.day2.testng.DeleteLead"/>
    </classes>
  </test> <!-- Manage Lead1 -->
  
  <test name="Manage Lead2">
    <classes>
      <class name="week5.day2.testng.MergeLead"/>
      <class name="week5.day2.testng.EditLead"/>
    </classes>
  </test> <!-- Manage Lead2 -->
</suite> <!-- LeafTaps_Parallel -->
