<?xml version="1.0" encoding="UTF-8"?>
<!DOCTYPE suite SYSTEM "https://testng.org/testng-1.0.dtd">
<suite name="LeafTaps_Annotations">
  <test thread-count="5" name="AnnatationsHierarchy">
    <classes>
      <class name="week5.day2.testng.EditLead1"/>
      <class name="week5.day2.testng.MergeLead1"/>
      <class name="week5.day2.testng.CreateLead1"/>
      <class name="week5.day2.testng.DeleteLead1"/>
    </classes>
  </test> <!-- AnnatationsHierarchy -->
</suite> <!-- LeafTaps_Annotations -->
