<?xml version="1.0" encoding="UTF-8"?>
<!DOCTYPE suite SYSTEM "https://testng.org/testng-1.0.dtd">
<suite name="Suite">
  <test thread-count="2" name="Test" verbose = "5" parallel = "classes">
    <classes>
      <class name="week5.day2.Assignments.MergeLead"/>
      <class name="week5.day2.Assignments.EditLead"/>
      <class name="week5.day2.Assignments.CreateLead"/>
      <class name="week5.day2.Assignments.DeleteLead"/>
    </classes>
  </test> <!-- Test -->
</suite> <!-- Suite -->
